{
    "1339387428498178132": {
        "cash": 2427,
        "card": 18334,
        "last_daily": "2025-08-29T01:27:17.370969",
        "daily_streak": 1,
        "last_bonus": "2025-08-26T22:45:25.879036",
        "bonus_streak": 0,
        "last_strip": "2025-08-26T22:45:15.866427",
        "last_steal": {
            "1118286152089227337": "2025-07-28T01:13:56.548855"
        },
        "daily_base": 3000,
        "bonus_base": 1000
    },
    "1149535834756874250": {
        "cash": 0,
        "card": 0,
        "last_daily": null,
        "daily_streak": 0,
        "last_bonus": null,
        "bonus_streak": 0,
        "last_strip": null,
        "last_steal": {},
        "daily_base": 2000,
        "bonus_base": 1000
    },
    "1118286152089227337": {
        "cash": 0,
        "card": 7067,
        "last_daily": "2025-07-28T01:13:34.572817",
        "daily_streak": 0,
        "last_bonus": "2025-07-28T01:15:24.905167",
        "bonus_streak": 0,
        "last_strip": null,
        "last_steal": {},
        "daily_base": 2000,
        "bonus_base": 1000
    },
    "1225376954778255372": {
        "cash": 1977,
        "card": 0,
        "last_daily": null,
        "daily_streak": 0,
        "last_bonus": "2025-07-28T01:17:26.359845",
        "bonus_streak": 0,
        "last_strip": null,
        "last_steal": {
            "1339387428498178132": "2025-07-28T01:14:07.184163"
        },
        "daily_base": 2000,
        "bonus_base": 1000
    },
    "1013798597042651226": {
        "cash": 0,
        "card": 0,
        "last_daily": null,
        "daily_streak": 0,
        "last_bonus": "2025-07-28T01:15:17.655166",
        "bonus_streak": 0,
        "last_strip": null,
        "last_steal": {
            "1118286152089227337": "2025-07-28T01:14:19.466073"
        },
        "daily_base": 2000,
        "bonus_base": 1000
    },
    "772767777613414412": {
        "cash": 0,
        "card": 0,
        "last_daily": null,
        "daily_streak": 0,
        "last_bonus": null,
        "bonus_streak": 0,
        "last_strip": null,
        "last_steal": {},
        "daily_base": 2000,
        "bonus_base": 1000
    },
    "1351250022888378378": {
        "cash": 0,
        "card": 0,
        "last_daily": null,
        "daily_streak": 0,
        "last_bonus": null,
        "bonus_streak": 0,
        "last_strip": null,
        "last_steal": {},
        "daily_base": 2000,
        "bonus_base": 1000
    },
    "831197736224292894": {
        "cash": 3,
        "card": 0,
        "last_daily": null,
        "daily_streak": 0,
        "last_bonus": null,
        "bonus_streak": 0,
        "last_strip": null,
        "last_steal": {},
        "daily_base": 2000,
        "bonus_base": 1000
    },
    "1250072578756841603": {
        "cash": 4237,
        "card": 0,
        "last_daily": "2025-08-04T12:11:03.839994",
        "daily_streak": 0,
        "last_bonus": "2025-08-04T12:17:26.670741",
        "bonus_streak": 0,
        "last_strip": null,
        "last_steal": {
            "1339387428498178132": "2025-08-04T12:12:38.237654"
        },
        "daily_base": 2000,
        "bonus_base": 1000
    },
    "1056577394271600662": {
        "cash": 4,
        "card": 0,
        "last_daily": null,
        "daily_streak": 0,
        "last_bonus": null,
        "bonus_streak": 0,
        "last_strip": null,
        "last_steal": {},
        "daily_base": 2000,
        "bonus_base": 1000
    },
    "922028213906059265": {
        "cash": 0,
        "card": 0,
        "last_daily": "2025-08-04T12:13:18.711680",
        "daily_streak": 0,
        "last_bonus": "2025-08-04T12:17:19.461086",
        "bonus_streak": 0,
        "last_strip": "2025-08-04T12:17:10.024733",
        "last_steal": {},
        "daily_base": 2000,
        "bonus_base": 1000
    },
    "1115558005610647675": {
        "cash": 6711,
        "card": 0,
        "last_daily": "2025-08-04T12:14:07.901828",
        "daily_streak": 0,
        "last_bonus": "2025-08-04T12:17:30.331797",
        "bonus_streak": 0,
        "last_strip": null,
        "last_steal": {},
        "daily_base": 2000,
        "bonus_base": 1000
    },
    "1265831729047011465": {
        "cash": 0,
        "card": 0,
        "last_daily": null,
        "daily_streak": 0,
        "last_bonus": null,
        "bonus_streak": 0,
        "last_strip": null,
        "last_steal": {},
        "daily_base": 2000,
        "bonus_base": 1000
    },
    "1250367548587900958": {
        "cash": 8546,
        "card": 0,
        "last_daily": "2025-08-26T22:45:48.007467",
        "daily_streak": 0,
        "last_bonus": null,
        "bonus_streak": 0,
        "last_strip": null,
        "last_steal": {},
        "daily_base": 2000,
        "bonus_base": 1000
    }
}