{
    "1339387428498178132": {
        "title": "Purchase $15 one-time or $5 monthly",
        "description": "If you're interested in purchasing a subscription for a Discord server of your choice, please open a ticket below to buy or transfer a subscription.\n\nPrices and the available payment methods are listed here.\nPlease do not ask to pay with Discord Nitro, or to negotiate the price. You will be either banned or just ignored.",
        "color": 1841947,
        "author_name": "{bot.name}",
        "author_icon": "{bot.avatar}",
        "author_url": "{null}",
        "thumbnail": "{null}",
        "image": "{null}",
        "footer": "Embed created with {bot.name}",
        "footer_icon": "{bot.avatar}",
        "timestamp": false,
        "buttons": []
    }
}