{
    "1339387428498178132": {
        "username": "rl9t",
        "score": 78
    },
    "1148345707888119989": {
        "username": "erm._.what0",
        "score": 28
    },
    "1363283641605558435": {
        "username": "r0ttng1rl.",
        "score": 2
    },
    "1137675561473417216": {
        "username": "thegreatestopp",
        "score": 1
    },
    "1046096950556102726": {
        "username": "citrusmongus",
        "score": 79
    },
    "1250072578756841603": {
        "username": "musa_1121",
        "score": 86
    },
    "667127679748800553": {
        "username": "0rb1tal.",
        "score": 1
    },
    "1328096314902188113": {
        "username": "ironmaiden0191_82738",
        "score": 10
    },
    "772767777613414412": {
        "username": "um4ima_",
        "score": 2
    },
    "922028213906059265": {
        "username": "wakeupsh4hh",
        "score": 3
    },
    "983323494295142410": {
        "username": "1ink.1",
        "score": 32
    },
    "1330548018692493402": {
        "username": "idkmyname0409",
        "score": 39
    },
    "762279476313849856": {
        "username": "jellyk1ttyx._.",
        "score": 1
    },
    "1101482846536859708": {
        "username": "jamal.musialaa",
        "score": 2
    },
    "1163335039342366770": {
        "username": "xanhate_.",
        "score": 1
    },
    "1205412169282490404": {
        "username": "piroes",
        "score": 7
    },
    "1262515293536780420": {
        "username": "_ungrateful_",
        "score": 7
    },
    "1318522602914054252": {
        "username": "ferrerics_",
        "score": 8
    },
    "1317950997946961932": {
        "username": "_ahmadkhaki",
        "score": 31
    },
    "603909027268657163": {
        "username": ".x0xi",
        "score": 32
    },
    "876575075552342076": {
        "username": "afannn_",
        "score": 1
    },
    "1360612125214511167": {
        "username": "sigmaligma06",
        "score": 1
    },
    "1342889149677441075": {
        "username": "jyyaora",
        "score": 1
    },
    "1243565796395978784": {
        "username": "allfromherpanties.",
        "score": 4
    },
    "1056577394271600662": {
        "username": "salt.folks",
        "score": 23
    },
    "486710507596677120": {
        "username": "gohaannn",
        "score": 1
    },
    "1363416565147762820": {
        "username": "mskg0954_80141",
        "score": 32
    },
    "1384282084847128586": {
        "username": "avgboiled_egg",
        "score": 5
    },
    "1266684667294388307": {
        "username": "kitler69696969",
        "score": 2
    },
    "859838565479350274": {
        "username": "zuhaairisbored",
        "score": 6
    },
    "941031047309701170": {
        "username": "objectorder",
        "score": 41
    },
    "1115558005610647675": {
        "username": "im_dumb5344",
        "score": 171
    },
    "776749991821705256": {
        "username": "herci_07",
        "score": 1
    },
    "831197736224292894": {
        "username": "iluvurforehead",
        "score": 4
    },
    "1322791182836699248": {
        "username": "nyx_.mc",
        "score": 6
    },
    "1386598548468007044": {
        "username": "callmefaru",
        "score": 1
    },
    "1225771409511284786": {
        "username": "luffy009990",
        "score": 1
    },
    "874688990140317746": {
        "username": "crraaz",
        "score": 1
    },
    "1316825391163248670": {
        "username": "bigthugger0650",
        "score": 32
    },
    "1352114638887587901": {
        "username": "neurodivergentshayan",
        "score": 7
    },
    "1152569147759272049": {
        "username": "prettiestgirlthativeeverseen",
        "score": 1
    },
    "1408508496642707559": {
        "username": "tyrantosaurusrexus",
        "score": 1
    },
    "1013854953250508811": {
        "username": "dragonite003",
        "score": 2
    },
    "807670011820900353": {
        "username": "idk_1161",
        "score": 7
    },
    "1142905353344930014": {
        "username": "laky_lak",
        "score": 2
    },
    "1380830008632934523": {
        "username": "reicxl",
        "score": 1
    }
}