{
    "1339387428498178132": {
        "lastfm_username": "riotvqxn",
        "emoji": [
            "<:custom:1408398088942518382>"
        ],
        "color": 16448250,
        "author_icon": "{null}",
        "author_name": "{null}",
        "thumbnail": "{album.cover}",
        "description": "_ _\n**{track.name}**  \nby *{artist.name}*",
        "footer": "{null}",
        "button_emoji": "{null}",
        "button_url": "{null}",
        "button_name": "{null}",
        "title": "{null}",
        "image": "https://media.discordapp.net/attachments/1382326151438930030/1406943201448820766/image.png?ex=68aae4f6&is=68a99376&hm=c0014d55af057d9e4907532bb64a9324a4b71af9d5c45b02d459b322908d0b6f&=&width=2784&height=42"
    },
    "759146967921852448": {
        "lastfm_username": "khad26",
        "emoji": [
            "<a:a_kirbychillin:1408046108122288219>"
        ],
        "color": 1947988,
        "title": "{null}",
        "author_icon": "{user.avatar}",
        "author_name": "{user.display_name}'s Current Track",
        "thumbnail": "{album.cover}",
        "image": "{null}",
        "description": "_ _\n**{track.name}**\nby **{artist.name}**\n_ _",
        "footer": "Powered by Last.fm",
        "button_emoji": "\ud83c\udfb5",
        "button_name": "Listen on Last.fm",
        "button_url": "{track.url}"
    },
    "1408543413401292862": {
        "lastfm_username": "tyla",
        "emoji": [
            "<a:a_kirbychillin:1408046108122288219>"
        ],
        "color": 1947988,
        "title": "{null}",
        "author_icon": "{user.avatar}",
        "author_name": "{user.display_name}'s Current Track",
        "thumbnail": "{album.cover}",
        "image": "{null}",
        "description": "_ _\n**{track.name}**\nby **{artist.name}**\n_ _",
        "footer": "Powered by Last.fm",
        "button_emoji": "\ud83c\udfb5",
        "button_name": "Listen on Last.fm",
        "button_url": "{track.url}"
    }
}