{
  "user_data": {
    "1328346855985385573": {
      "completed_quests": [],
      "completed_count": 0,
      "current_quest": {
        "id": 1,
        "start_time": "2025-06-23T11:43:31.755433",
        "progress": 0
      }
    },
    "1292035787180998710": {
      "completed_quests": [],
      "completed_count": 0,
      "current_quest": {
        "id": 1,
        "start_time": "2025-06-23T11:43:38.070359",
        "progress": 0
      }
    },
    "755797847399465082": {
      "completed_quests": [],
      "completed_count": 0,
      "current_quest": {
        "id": 1,
        "start_time": "2025-06-23T11:45:09.161335",
        "progress": 0
      }
    },
    "1339387428498178132": {
      "completed_quests": [],
      "completed_count": 0,
      "current_quest": {
        "id": 3,
        "start_time": "2025-06-23T11:45:31.542672",
        "progress": 0
      }
    },
    "1250072578756841603": {
      "completed_quests": [],
      "completed_count": 0,
      "current_quest": {
        "id": 5,
        "start_time": "2025-06-23T11:48:05.833424",
        "progress": 0
      }
    },
    "1351339839240409158": {
      "completed_quests": [],
      "completed_count": 0,
      "current_quest": {
        "id": 5,
        "start_time": "2025-06-23T11:48:32.389972",
        "progress": 0
      }
    },
    "793108940665126923": {
      "completed_quests": [],
      "completed_count": 0,
      "current_quest": null
    },
    "1250367548587900958": {
      "completed_quests": [
        6
      ],
      "completed_count": 1,
      "current_quest": null
    },
    "724649324637716510": {
      "completed_quests": [],
      "completed_count": 0,
      "current_quest": null
    },
    "1296718293914095648": {
      "completed_quests": [],
      "completed_count": 0,
      "current_quest": null
    },
    "1148345707888119989": {
      "completed_quests": [],
      "completed_count": 0,
      "current_quest": {
        "id": 6,
        "start_time": "2025-06-23T16:27:54.864400",
        "progress": 0
      }
    },
    "720721166662369371": {
      "completed_quests": [],
      "completed_count": 0,
      "current_quest": null
    },
    "1360612125214511167": {
      "completed_quests": [],
      "completed_count": 0,
      "current_quest": null
    },
    "772767777613414412": {
      "completed_quests": [],
      "completed_count": 0,
      "current_quest": {
        "id": 5,
        "start_time": "2025-06-25T06:26:18.353962",
        "progress": 0
      }
    },
    "1150427462619115520": {
      "completed_quests": [],
      "completed_count": 0,
      "current_quest": {
        "id": 6,
        "start_time": "2025-06-23T16:27:57.905536",
        "progress": 0
      }
    },
    "287227313689460737": {
      "completed_quests": [],
      "completed_count": 0,
      "current_quest": null
    },
    "1056577394271600662": {
      "completed_quests": [],
      "completed_count": 0,
      "current_quest": {
        "id": 6,
        "start_time": "2025-06-23T16:27:56.229825",
        "progress": 0
      }
    },
    "1046096950556102726": {
      "completed_quests": [],
      "completed_count": 0,
      "current_quest": {
        "id": 5,
        "start_time": "2025-06-25T14:25:58.612613",
        "progress": 0
      }
    },
    "1339970186249244692": {
      "completed_quests": [],
      "completed_count": 0,
      "current_quest": null
    },
    "1282309981059682389": {
      "completed_quests": [],
      "completed_count": 0,
      "current_quest": {
        "id": 6,
        "start_time": "2025-06-23T22:13:42.109411",
        "progress": 0
      }
    },
    "1358102454805467429": {
      "completed_quests": [],
      "completed_count": 0,
      "current_quest": {
        "id": 6,
        "start_time": "2025-06-23T22:13:44.415146",
        "progress": 0
      }
    },
    "1351250022888378378": {
      "completed_quests": [
        6
      ],
      "completed_count": 1,
      "current_quest": null
    },
    "988092318068400158": {
      "completed_quests": [
        6
      ],
      "completed_count": 1,
      "current_quest": null
    },
    "1376711263681249473": {
      "completed_quests": [],
      "completed_count": 0,
      "current_quest": null
    },
    "947479521639165962": {
      "completed_quests": [],
      "completed_count": 0,
      "current_quest": null
    },
    "1385627539522846860": {
      "completed_quests": [],
      "completed_count": 0,
      "current_quest": null
    },
    "1363283641605558435": {
      "completed_quests": [
        6,
        5,
        4
      ],
      "completed_count": 3,
      "current_quest": {
        "id": 3,
        "start_time": "2025-06-24T07:26:43.249264",
        "progress": 0
      }
    },
    "1150453517480382544": {
      "completed_quests": [],
      "completed_count": 0,
      "current_quest": {
        "id": 5,
        "start_time": "2025-06-24T02:09:07.634712",
        "progress": 0
      }
    },
    "922028213906059265": {
      "completed_quests": [],
      "completed_count": 0,
      "current_quest": {
        "id": 5,
        "start_time": "2025-06-24T03:16:09.334177",
        "progress": 0
      }
    },
    "1012355623184244890": {
      "completed_quests": [],
      "completed_count": 0,
      "current_quest": {
        "id": 5,
        "start_time": "2025-06-24T03:16:44.600895",
        "progress": 0
      }
    },
    "745616755388579840": {
      "completed_quests": [
        6,
        1
      ],
      "completed_count": 2,
      "current_quest": null
    },
    "1158821602969014282": {
      "completed_quests": [],
      "completed_count": 0,
      "current_quest": null
    },
    "964887536642170930": {
      "completed_quests": [],
      "completed_count": 0,
      "current_quest": null
    },
    "1289914619380633671": {
      "completed_quests": [],
      "completed_count": 0,
      "current_quest": {
        "id": 4,
        "start_time": "2025-06-24T07:19:26.804427",
        "progress": 0
      }
    },
    "1312760282585628735": {
      "completed_quests": [],
      "completed_count": 0,
      "current_quest": {
        "id": 4,
        "start_time": "2025-06-24T07:19:30.916241",
        "progress": 0
      }
    },
    "1384282084847128586": {
      "completed_quests": [],
      "completed_count": 0,
      "current_quest": {
        "id": 4,
        "start_time": "2025-06-24T07:19:49.162711",
        "progress": 0
      }
    },
    "1205412169282490404": {
      "completed_quests": [],
      "completed_count": 0,
      "current_quest": null
    },
    "1255672586533081158": {
      "completed_quests": [],
      "completed_count": 0,
      "current_quest": null
    },
    "1265831729047011465": {
      "completed_quests": [
        5
      ],
      "completed_count": 1,
      "current_quest": null
    },
    "1137675561473417216": {
      "completed_quests": [],
      "completed_count": 0,
      "current_quest": null
    },
    "1333814186177728580": {
      "completed_quests": [
        6
      ],
      "completed_count": 1,
      "current_quest": null
    },
    "983323494295142410": {
      "completed_quests": [],
      "completed_count": 0,
      "current_quest": {
        "id": 5,
        "start_time": "2025-06-25T14:25:54.794469",
        "progress": 0
      }
    },
    "563018852825432149": {
      "completed_quests": [],
      "completed_count": 0,
      "current_quest": null
    },
    "1386365874264608891": {
      "completed_quests": [],
      "completed_count": 0,
      "current_quest": null
    }
  }
}