{
  "anal": {
    "name": "anal",
    "description": "Anal action",
    "nsfw": true,
    "gifs": [
      "https://cdn.hentaigifz.com/18337/anal001.gif",
      "https://www.tagstube.com/wp-content/uploads/cache-e21155888465eabf55d969bc601f08b2/2016/01/Hentai-Anal-Gif-9.gif",
      "https://www.hentaianime.net/imiphuma/2022/09/Hentai-anal-anal-penetration-anal-sex-animated-animation-big.gif",
      "https://cdn.hentaigifz.com/78890/asi-o-mas.gif"
    ],
    "emoji": "\ud83c\udf51",
    "usage_count": {
      "1339387428498178132": 3
    }
  },
  "kiss": {
    "name": "kiss",
    "description": "Kiss action",
    "nsfw": false,
    "gifs": [
      "https://gifdb.com/images/high/surprising-anime-kiss-togashi-yuuta-q5960hphr79b0rwy.gif",
      "https://i.pinimg.com/originals/0b/39/ba/0b39ba7b0affa79d3d6eddbe5bea684a.gif",
      "https://i.pinimg.com/originals/ea/de/5b/eade5b83bc8764de3037fcab1f5e2dec.gif"
    ],
    "emoji": "\ud83d\udc8b",
    "usage_count": {}
  }
}